Name,Price
Personalized Wallts,"Rp 10.000,00"
Paper Bag,"Rp 10.000,00"
Box Cover,"Rp 10.000,00"
Avery Reflective,"Rp 10.000,00"
Avery Oxford Navy,"Rp 15.000,00"
Adler Mojave,"Rp 15.000,00"
Adler Caren,"Rp 199.900,00"
Avery Tritone Black,"Rp 199.900,00"
Claus Navy-Charcoal,"Rp 179.900,00"
Avery Tritone Navy,"Rp 179.900,00"
Keio Hexa Black,"Rp 179.900,00"
Aster 2 in 1 Wallet Army - Charcoal,"Rp 179.900,00"
Claus Fall Aster,"Rp 179.900,00"
Adler Deep Cardiff,"Rp 179.900,00"
Keio Sprinkle Navy,"Rp 179.900,00"
Adler Fall Aster,"Rp 179.900,00"
Dwight Cardiff,"Rp 179.900,00"
Keio Hexa Navy,"Rp 179.900,00"
Keio Sprinkle Black,"Rp 179.900,00"
Aster 2 in 1 Wallet Navy - Charcoal,"Rp 179.900,00"
Keio Navy Charcoal,"Rp 179.900,00"
Claus Black,"Rp 179.900,00"
Keio Nami,"Rp 259.900,00"
Dwight Sprinkle Black,"Rp 259.900,00"
Adler Tazmania,"Rp 189.900,00"
Keio Black - Khaki,"Rp 189.900,00"
Keio Navy,"Rp 179.900,00"
Dwight Dark Camo,"Rp 179.900,00"
Adler Rise Bell,"Rp 179.900,00"
Adler Wallts x Show The Monster,"Rp 179.900,00"
Aster 2 in 1 Wallet Cardiff,"Rp 189.900,00"
Adler Crow,"Rp 189.900,00"
Aster 2 in 1 Wallet Nami,"Rp 179.900,00"
Keio Brown - Khaki,"Rp 179.900,00"
Dwight Black,"Rp 179.900,00"
Dwight Black - Khaki,"Rp 179.900,00"
Briar Charcoal - Grey,"Rp 259.900,00"
Aster 2 in 1 Wallet Black - Charcoal,"Rp 259.900,00"
Dwight Navy - Charcoal,"Rp 179.900,00"
Aster 2 in 1 Wallet Crow,"Rp 179.900,00"
Elmer Brown,"Rp 259.900,00"
Adler Wallts x KFC,"Rp 259.900,00"
Briar Navy - Charcoal,"Rp 179.900,00"
Elmer Black,"Rp 179.900,00"
Claus Root,"Rp 189.900,00"
Claus Zara,"Rp 189.900,00"
Elmer Navy,"Rp 189.900,00"
Claus Sprinkle Navy,"Rp 189.900,00"
Elmer Caramel,"Rp 189.900,00"
Keio Brown,"Rp 189.900,00"
Keio Dark Camo,"Rp 179.900,00"
Keio Army - Charcoal,"Rp 179.900,00"
Hyde Passport Wallet Brown - Khaki,"Rp 179.900,00"
Aster 2 in 1 Wallet Navy - Grey,"Rp 179.900,00"
Aster 2 in 1 Wallet Brown-Khaki,"Rp 179.900,00"
Aster 2 in 1 Wallet Navy -Khaki,"Rp 179.900,00"
